Galaxy,Chi2_min,V200,C200,rho_s,r_s,Upsilon_disk,Upsilon_bulge,M200,M_tot_edge,D_fit,inc_fit,DM_Fraction_Edge,Li_M_tot_edge,Li_DM_Fraction_Edge,DM_Perc,Li_DM_Perc
ESO563-G021,8.4526,165.7300,51.8312,431484695.1979,4.3801,0.3069,0.0000,1449839971425.8154,536851417794.3601,33.7105,82.1699,0.9176,515074056258.4631,0.9229,91.7627,92.2907
IC4202,2.9931,44.6445,857.3526,1040896051151.6837,0.0713,0.4488,0.6475,28341280886.9943,5467201661.9702,1.6045,89.7247,0.9943,5936289368.2320,0.9950,99.4329,99.5033
NGC0801,7.1052,168.5100,5.7286,1633977.6881,40.2951,0.6405,0.0000,1524032336179.4949,664096539973.7510,83.0846,80.0071,0.5447,669936442290.5656,0.5429,54.4739,54.2911
NGC0891,1.9516,111.2027,35.3514,155118907.8083,4.3091,0.2270,0.6339,437988492680.3531,171071848289.7755,9.4159,89.9214,0.7353,170572884614.7447,0.7312,73.5265,73.1164
NGC1090,1.3992,88.2372,41.2676,234191757.7110,2.9290,0.3609,0.0000,218812321821.3604,110492188702.4474,23.3358,63.7976,0.8282,118266946970.6691,0.8194,82.8182,81.9398
NGC2403,11.6497,84.7581,20.8188,38707800.0100,5.5770,0.8824,0.0000,193936639981.7644,79784854255.6560,3.0110,59.2726,0.8092,80479761287.9382,0.8115,80.9248,81.1522
NGC2841,1.8141,199.5708,10.5290,6917761.4652,25.9649,1.0819,0.8476,2531673274502.2490,1227642908224.8779,15.8298,81.5252,0.7278,1235571557833.4253,0.7275,72.7751,72.7513
NGC2903,6.5008,63.8409,207.4330,19323852439.4834,0.4216,0.3124,0.0000,82873296365.0721,36010418143.9472,1.5019,66.1786,0.9548,136191442300.3034,0.8002,95.4777,80.0175
NGC2998,3.5146,143.5320,8.1383,3706205.2594,24.1596,0.7282,0.0000,941808722471.9604,472209043974.7645,77.7513,58.8508,0.5530,477961204832.3169,0.5548,55.2954,55.4800
NGC3198,1.4757,101.5428,14.1316,14389509.6765,9.8432,0.6678,0.0000,333476082622.3907,223326972936.0899,14.5309,73.3498,0.7545,226555584923.3010,0.7542,75.4489,75.4174
NGC3521,0.1985,168.4823,13.6028,13072916.9121,16.9670,0.5238,0.0000,1523279771342.6216,202922306103.6793,8.5625,75.1751,0.6692,200966994112.4676,0.6620,66.9194,66.2042
NGC3893,0.2985,92.8709,33.0131,129389320.5350,3.8536,0.4517,0.0000,255126828445.1066,123692351281.5428,17.0336,48.7996,0.7303,128712877180.7903,0.7347,73.0313,73.4667
NGC3917,1.3063,80.6384,24.9648,62056815.1516,4.4248,0.4455,0.0000,167009772196.9076,59476915610.0755,16.8953,79.1645,0.7702,60552772409.1806,0.7704,77.0171,77.0439
NGC3953,0.2951,92.3734,38.1858,190413742.4157,3.3138,0.4651,0.0000,251048562343.2381,160307236930.5372,17.1491,61.8091,0.5115,163565749893.6331,0.4971,51.1541,49.7142
NGC3992,1.0414,140.6895,30.4114,104166772.6971,6.3373,0.4393,0.0000,886956184302.1023,566252391814.0189,23.3761,55.6793,0.7784,565914171766.9105,0.7819,77.8385,78.1922
NGC4088,0.6425,304.7068,7.3102,2873232.2097,57.0990,0.4561,0.0000,9010800652318.7539,146178220632.8560,17.7128,69.0009,0.5659,145465935685.8065,0.5722,56.5944,57.2237
NGC4100,0.5950,90.5708,38.2460,191213697.3174,3.2440,0.4261,0.0000,236636268233.5269,134102181257.4381,17.2543,72.8471,0.7763,131306788422.2152,0.7741,77.6279,77.4071
NGC4157,0.4337,145.7110,10.4901,6855104.7023,19.0279,0.5290,0.6292,985357223805.8917,235931299206.5347,18.0394,81.8113,0.6990,234558624791.0895,0.7030,69.9039,70.2952
NGC4183,0.4388,63.2982,26.8490,75070866.1418,3.2295,0.4675,0.0000,80777621670.7735,49494879923.2174,17.3803,81.8577,0.7779,50462756207.2861,0.7707,77.7914,77.0675
NGC4217,1.5072,88.6707,53.2989,465180894.6262,2.2790,0.5286,0.3530,222053620861.9845,64171291028.3304,9.0208,86.0355,0.8492,69054008285.5080,0.8455,84.9153,84.5535
NGC4559,0.2551,81.0734,14.1287,14381921.5949,7.8606,0.5383,0.0000,169727314766.9230,75025789902.7989,9.0907,67.0970,0.6711,79245552166.7028,0.6638,67.1107,66.3846
NGC5005,0.1007,116.5577,29.9807,100323128.9673,5.3257,0.4838,0.5890,504358300267.5159,174084164234.8506,16.2126,67.8779,0.4547,174995117553.7492,0.4236,45.4671,42.3629
NGC5033,2.5060,122.5658,26.3202,71259000.6583,6.3791,0.4470,0.5025,586440844386.9913,372571904276.4056,15.6237,66.0773,0.8097,366949303041.4960,0.8113,80.9736,81.1278
NGC5055,2.1126,114.8542,14.6111,15653105.3053,10.7682,0.3861,0.0000,482566578272.0438,337435192282.2150,9.9718,60.0043,0.7574,333832282886.4316,0.7577,75.7411,75.7702
NGC5371,9.5057,499.3963,4.3310,879558.9476,157.9542,0.8680,0.0000,39669143926368.9688,330195347777.1824,30.3143,53.1018,0.4092,325338416940.2461,0.4099,40.9226,40.9933
NGC5907,6.0544,193.1681,5.7610,1655054.0002,45.9317,0.9480,0.0000,2295742401048.0029,564064255330.9214,17.8939,88.0259,0.5769,560623067093.0232,0.5767,57.6949,57.6692
NGC5985,2.9736,141.3440,60.8461,665130038.5651,3.1822,0.2895,0.8499,899391255052.8938,426101780880.8415,28.1546,59.8211,0.8785,380051318435.2755,0.8906,87.8516,89.0567
NGC6195,1.7735,174.7226,10.5410,6937063.2845,22.7063,0.3834,0.7761,1698883834936.9177,523745744638.4692,127.4493,61.2207,0.5633,515465071966.0248,0.5541,56.3309,55.4140
NGC6503,2.5328,74.2967,20.2811,36177513.7926,5.0183,0.5592,0.0000,130624495927.6068,67258786700.9910,6.3181,73.8767,0.8362,66998875855.0015,0.8379,83.6197,83.7905
NGC6674,1.4328,253.0952,3.0093,415722.6733,115.2104,0.8327,0.7005,5163786999977.4062,1159707470592.2239,70.2763,63.2120,0.6488,1151747914023.4292,0.6478,64.8769,64.7787
NGC6946,1.5273,91.8055,18.2962,27753056.5608,6.8736,0.5853,0.6072,246446933347.9642,110113674172.8306,5.2074,37.8273,0.6155,107580378111.8100,0.6172,61.5482,61.7211
NGC7331,1.2725,155.6833,15.6225,18544198.4616,13.6511,0.4812,0.5658,1201828650463.9475,400785074155.6761,12.8717,74.8785,0.7155,403617506674.2274,0.7128,71.5532,71.2813
NGC7814,0.8714,116.3008,29.2244,93794243.4235,5.4515,0.5307,0.6362,501031791772.0046,192761417193.6020,14.2231,89.9870,0.7526,192982033232.1270,0.7525,75.2552,75.2542
UGC00128,9.2577,92.4248,15.7533,18940912.7069,8.0370,0.3249,0.0000,251467429735.9804,174792614107.4337,64.1954,57.8135,0.8909,180896647582.2823,0.8930,89.0911,89.2995
UGC02487,4.8885,183.2866,13.8112,13582276.9510,18.1793,0.6380,0.7157,1961140666673.7090,1566747288775.5200,80.1261,42.6237,0.6832,1485443603947.3604,0.6756,68.3218,67.5557
UGC03205,3.8361,165.1109,7.5358,3086931.1274,30.0140,0.6675,0.8889,1433653320285.1091,517226349203.6682,65.5796,68.9443,0.6699,516351547462.9380,0.6668,66.9886,66.6760
UGC03546,0.7119,107.3068,25.0311,62488205.5412,5.8725,0.5385,0.5685,393548362164.6525,191475718964.4398,24.9344,55.1463,0.7554,210063132434.7772,0.7508,75.5412,75.0805
UGC04325,0.7902,45.1325,48.8761,368472198.9972,1.2649,0.5100,0.0000,29280959131.3640,10180781584.9479,8.8299,40.8485,0.7937,10531856108.9559,0.7886,79.3715,78.8650
UGC05721,0.4373,41.4584,47.0836,333304084.7297,1.2062,0.5237,0.0000,22696274679.3624,10517878614.8827,6.9923,60.9322,0.8503,9775761111.2019,0.8537,85.0296,85.3652
UGC06446,0.4976,46.5438,27.7370,81760463.5391,2.2987,0.5391,0.0000,32114593510.4766,17782654202.7811,14.2117,51.4128,0.7477,17379535504.5514,0.7523,74.7674,75.2344
UGC06614,0.1043,170.3829,11.1623,7988035.9781,20.9097,0.4933,0.6797,1575414624586.3696,735029974186.9882,88.1201,33.1982,0.8236,726879700207.6514,0.8205,82.3580,82.0472
UGC06786,2.2735,147.5181,16.6077,21665401.7404,12.1678,0.6411,0.7025,1022474264263.2455,461184596848.2366,36.8742,64.8271,0.8043,450321089596.3499,0.8010,80.4276,80.0981
UGC06983,0.5260,64.0429,26.7661,74464551.7773,3.2777,0.5005,0.0000,83662099242.3957,42560202804.7330,18.4999,48.8991,0.7821,42707927466.9874,0.7822,78.2147,78.2222
UGC08490,0.3891,44.2849,29.5773,96806064.9464,2.0510,0.8324,0.0000,27662029069.9627,13952175722.7557,5.1116,52.0974,0.8215,13855092069.9693,0.8238,82.1486,82.3775
UGC09133,7.8909,167.2714,7.0394,2629330.2246,32.5509,0.7475,0.4042,1490670181290.3022,1342483285628.4021,69.0020,56.0277,0.7250,1234305661493.6445,0.7252,72.4970,72.5228
UGC11455,1.6466,146.3192,38.6796,197041970.1710,5.1820,0.3174,0.0000,997747107052.3644,441114302298.7672,52.2428,89.9459,0.8456,436346338066.7371,0.8467,84.5640,84.6708
UGC11914,0.5893,499.4759,16.7158,22026575.0798,40.9322,0.4682,0.8055,39688105898211.9141,169764278629.8553,17.4842,34.7836,0.4659,176294669498.9468,0.4729,46.5854,47.2905
